{
  "properties": {
    "connectionReferences": {
      "shared_microsoftforms": {
        "runtimeSource": "embedded",
        "connection": {
          "connectionReferenceLogicalName": "aar88_sharedmicrosoftforms_f1b4e"
        },
        "api": {
          "name": "shared_microsoftforms"
        }
      },
      "shared_planner": {
        "runtimeSource": "embedded",
        "connection": {
          "connectionReferenceLogicalName": "aar88_sharedplanner_49453"
        },
        "api": {
          "name": "shared_planner"
        }
      }
    },
    "definition": {
      "$schema": "https://schema.management.azure.com/providers/Microsoft.Logic/schemas/2016-06-01/workflowdefinition.json#",
      "contentVersion": "1.0.0.0",
      "parameters": {
        "$authentication": {
          "defaultValue": {},
          "type": "SecureObject"
        },
        "$connections": {
          "defaultValue": {},
          "type": "Object"
        }
      },
      "triggers": {
        "When_a_new_response_is_submitted": {
          "splitOn": "@triggerOutputs()?['body/value']",
          "type": "OpenApiConnectionWebhook",
          "inputs": {
            "parameters": {
              "form_id": "KuqAkbjSjkqiZujfP4tSLuQmyq1vk-1HvpIpx5HWwv5UNjRIUFc1Vk1XM0IzRFBZTTk3SlAyVTZJVS4u"
            },
            "host": {
              "apiId": "/providers/Microsoft.PowerApps/apis/shared_microsoftforms",
              "connectionName": "shared_microsoftforms",
              "operationId": "CreateFormWebhook"
            },
            "authentication": "@parameters('$authentication')"
          }
        }
      },
      "actions": {
        "Get_response_details": {
          "runAfter": {},
          "type": "OpenApiConnection",
          "inputs": {
            "parameters": {
              "form_id": "KuqAkbjSjkqiZujfP4tSLuQmyq1vk-1HvpIpx5HWwv5UNjRIUFc1Vk1XM0IzRFBZTTk3SlAyVTZJVS4u",
              "response_id": "@triggerOutputs()?['body/resourceData/responseId']"
            },
            "host": {
              "apiId": "/providers/Microsoft.PowerApps/apis/shared_microsoftforms",
              "connectionName": "shared_microsoftforms",
              "operationId": "GetFormResponseById"
            },
            "authentication": "@parameters('$authentication')"
          }
        },
        "Create_a_task": {
          "runAfter": {
            "Get_response_details": [
              "Succeeded"
            ]
          },
          "type": "OpenApiConnection",
          "inputs": {
            "parameters": {
              "body/groupId": "bb3604c5-2329-4f69-af1e-1e851ba3904b",
              "body/planId": "j5O62OhfNEGqw36P1x-UsskAGkD0",
              "body/title": "Ticket @{triggerOutputs()?['body/resourceData/responseId']} from @{outputs('Get_response_details')?['body/responder']}",
              "body/bucketId": "fWoq63KNC0qX23DCJBGBaskAGh0r"
            },
            "host": {
              "apiId": "/providers/Microsoft.PowerApps/apis/shared_planner",
              "connectionName": "shared_planner",
              "operationId": "CreateTask_V4"
            },
            "authentication": "@parameters('$authentication')"
          }
        },
        "Update_task_details": {
          "runAfter": {
            "Create_a_task": [
              "Succeeded"
            ]
          },
          "type": "OpenApiConnection",
          "inputs": {
            "parameters": {
              "id": "/",
              "body/description": "Name:\n@{outputs('Get_response_details')?['body/r58d6e48c47f143908f76764d4ddd2b04']}\n\nEmail:\n@{outputs('Get_response_details')?['body/re5e73ab4098c4735b94632af9e70528e']}\n\nWhats the problem?\n@{outputs('Get_response_details')?['body/r2ba3dc5ab5974817bc8005eef300586a']}\n\nHas this caused you to stop your work?\n@{outputs('Get_response_details')?['body/r3b9bc0a48ffe4730bb4c845a0ed0e45b']}"
            },
            "host": {
              "apiId": "/providers/Microsoft.PowerApps/apis/shared_planner",
              "connectionName": "shared_planner",
              "operationId": "UpdateTaskDetails_V2"
            },
            "authentication": "@parameters('$authentication')"
          }
        }
      },
      "outputs": {}
    },
    "templateName": null
  },
  "schemaVersion": "1.0.0.0"
}